Block,NGenes,BaseMean,BaseMedian,MetaMean,MetaMedian,TotalMean,TotalMedian,TotalP90
housekeeping,200,0.5490835534675592,0.5123054124928508,0.8646776727021662,0.8647310023976185,0.474765458555587,0.4430730930442808,0.605848110767137
shared_noisy_A1_A2,120,0.282123866927853,0.26783597473127024,0.945151714139816,0.9427769821737895,0.26762595438244413,0.25266074289734214,0.3697384579980738
A1_marker,30,1.2039122576613706,1.2158870903557704,1.3839401902771777,1.3844490216310534,1.6700509588992438,1.700886307771158,1.9251372840040448
A2_marker,30,1.1935909852731226,1.2334566487067882,1.401495228884203,1.4130788554464782,1.6779163723638348,1.744260459072734,1.9573650800549616
B_marker,90,1.3127918522653117,1.2930471027639872,1.2173852559786489,1.2138626677334545,1.5990401170375195,1.5729080095421102,1.7315799232980145
C_marker,90,1.3503817245618586,1.3405587839957178,1.22151134400136,1.2218706834552364,1.6503295056004443,1.6426184554172127,1.765792636920612
weak_A1_marker,30,1.4363237753027733,1.4621961174593028,0.9216367974836841,0.9243155439352455,1.324321889910434,1.351675090070427,1.421853024189482
weak_A2_marker,30,1.4363237753027733,1.4621961174593028,0.9248424933437193,0.9269454440715252,1.3289962142513814,1.3554435821568385,1.429629557482888
background,180,1.4363237753027733,1.4621961174593028,0.8621562470273586,0.8624787906615212,1.2383853537087017,1.261147214890475,1.3239357200869357
